Year,POSITION,First Name,Last Name,School ,Team
2002,QB,Matt,Schaub,Virginia,1st
2002,RB, Chris,Downs,Maryland,1st
2002,RB, T.A. ,McLendon,NC State,1st
2002,WR, Jerricho,Cotchery,NC State,1st
2002,WR,Billy,McMullen,Virginia,1st
2002,TE, Sean,Berton,NC State,1st
2002,T, Brett,Williams,Florida State,1st
2002,T, Matt,Crawford,Maryland,1st
2002,G, Montrae,Holland,Florida State,1st
2002,G, Blake,Henry,Wake Forrest,1st
2002,C,Todd,Wike,Maryland,1st
2002,PK, Nick,Novak,Maryland,1st
2002,DL, Alonzo,Jackson,Florida State,1st
2002,DL, Calvin,Pace,Wake Forrest,1st
2002,DL, Shawn,Johnson,Duke,1st
2002,DL, Nick,Eason,Clemson,1st
2002,LB, E.J.,Henderson,Maryland,1st
2002,LB, Dantonio,Burnette,NC State,1st
2002,LB, Angelo,Crowell,Virginia,1st
2002,DB, Terrence,Holt,NC State,1st
2002,DB,Jeremy,Muyres,Georgia Tech,1st
2002,DB, Dexter, Reid,North Carolina,1st
2002,DB, Domonique ,Foxworth,Maryland,1st
2002,SP, Steve,Suter,Maryland,1st
2002,P, Brooks, Barnard,Maryland,1st
2002,QB, Philip,River,NC State,2nd
2002,RB,Greg, Jones,Florida State,2nd
2002,RB,Alex,Wade,Duke,2nd
2002,WR,Kerry,Watkins,Georgia Tech,2nd
2002,WR,Anquan,Boldin,Florida State,2nd
2002,TE,Heath,Miller,Virginia,2nd
2002,T,Nat,Dorsey,Georgia Tech,2nd
2002,T,Chris,Colmer,NC State,2nd
2002,G,Lamar,Bryant,Maryland,2nd
2002,G,Shane,Riggs,NC State,2nd
2002,C,Antoine,Mirambeau,Florida State,2nd
2002,PK,Luke,Manget,Georgia Tech,2nd
2002,DL,Chris,Canty,Virginia,2nd
2002,DL,Shawn,Price,NC State,2nd
2002,DL,Randy,Starks,Maryland,2nd
2002,DL,Bryant,McNeal,Clemson,2nd
2002,LB,Mike,Boulware,Florida State,2nd
2002,LB,Recardo,Wimbush,Georgia Tech,2nd
2002,LB,Kendyll,Pope,Florida State,2nd
2002,DB,Justin,Miller,Clemson,2nd
2002,DB,Brian,Mance,Clemson,2nd
2002,DB,Madieu,Williams,Maryland,2nd
2002,DB,Jerton,Evans,Virginia,2nd
2002,SP,Fabian,Davis,Wake Forest,2nd
2002,P,Chance,Gwaltney,Florida State,2nd
2003,QB,Phillip,Rivers,NC State,1st
2003,RB,Chris,Douglas,Duke,1st
2003,RB,P.J. ,Daniels,Georgia Tech,1st
2003,WR,Jerricho,Cotchery,NC State,1st
2003,WR,Craphonso,Thorpe,Florida State,1st
2003,TE,Heath,Miller,Virginia,1st
2003,OL,Alex,Barron,Florida State,1st
2003,OL,Sean,Locklear,NC State,1st
2003,OL,C,J. Brooks,Maryland,1st
2003,OL,Tyson,Clabo,Wake Forest,1st
2003,C,Hugh,Reilly,Georgia Tech,1st
2003,PK,Nick,Novak,Maryland,1st
2003,SP,Steve,Suter,Maryland,1st
2003,QB,Matt,Schaub,Virginia,2nd
2003,RB,Chris,Barclay,Wake Forest,2nd
2003,RB,Wali,Lundy,Virginia,2nd
2003,WR,Jonathan,Smith,Georgia Tech,2nd
2003,WR,Derrick,Hamilton,Clemson,2nd
2003,TE,Jeff,Dugan,Maryland,2nd
2003,OL,Mark,Moroz,Wake Forest,2nd
2003,OL,Gregory,Walker,Clemson,2nd
2003,OL,Elton,Brown,Virginia,2nd
2003,OL,Jeb,Terry,North Carolina,2nd
2003,C,David,Castillo,Florida State,2nd
2003,PK,Connor,Hughes,Virginia,2nd
2003,SP,Derrick,Hamilton,Clemson,2nd
2003,DL,Darnell,Dockett,Florida State,1st
2003,DL,Eric,Henderson,Georgia Tech,1st
2003,DL,Randy,Starks,Maryland,1st
2003,DL,Matt,Zielinski,Duke,1st
2003,LB,Keyaron,Fox,Georgia Tech,1st
2003,LB,Michael,Boulware,Florida State,1st
2003,LB,Leroy,Hill,Clemson,1st
2003,DB,James,Butler,Georgia Tech,1st
2003,DB,Stanford,Samuels,Florida State,1st
2003,DB,Eric,King,Wake Forest,1st
2003,DB,Andre,Maddox,NC State,1st
2003,P,Ryan,Plackemeier,Wake Forest,1st
2003,DL,Eric,Moore,Florida State,2nd
2003,DL,Chris,Canty,Virginia,2nd
2003,DL,Kevin,Eli,Maryland,2nd
2003,DL,Donnell,Washington,Clemson,2nd
2003,LB,D'Qwell,Jackson,Maryland,2nd
2003,LB,Ryan,Fowler,Duke,2nd
2003,LB,Pat,Thomas,NC State,2nd
2003,DB,Dexter,Reid,North Carolina,2nd
2003,DB,Domonique,Foxworth,Maryland,2nd
2003,DB,Madieu,Williams,Maryland,2nd
2003,DB,Terrell,Smith,Duke,2nd
2003,P,Adam,Podlesh,Maryland,2nd
2004,QB,Bryan,Randall,Virginia Tech,1st
2004,RB,Alvin,Pearman,Virginia,1st
2004,RB,Chris,Barclay,Wake Forest,1st
2004,WR,Airese,Currie,"Currie, Clemson",1st
2004,WR,Calvin,Johnson,Georgia Tech,1st
2004,TE,Heath,Miller,Virginia,1st
2004,OT,Alex,Barron,Florida State,1st
2004,OT,D'Brickashaw,Ferguson,Virginia,1st
2004,OG,Elton,Brown,Virginia,1st
2004,OG,C,J. Brooks,Maryland,1st
2004,C,Jason,Brown,North Carolina,1st
2004,QB,Brock,Berlin,"Berlin, Miami",2nd
2004,RB,Frank,Gore,Miami,2nd
2004,RB,Leon,Washington,Florida State,2nd
2004,WR,Chauncey,Stovall,Florida State,2nd
2004,WR,Roscoe,Parrish,Miami,2nd
2004,TE,Jeff,King,Virginia Tech,2nd
2004,OT,Chris,Myers,Miami,2nd
2004,OT,Jon,Dunn,Virginia Tech,2nd
2004,OG,Steve,Vallos,Wake Forest,2nd
2004,OG,Kyle,Ralph,North Carolina,2nd
2004,C,Zac,Yarbrough,Virginia,2nd
2004,DL,Darryl,Tapp,Virginia Tech,1st
2004,DL,Shawne,Merriman,Maryland,1st
2004,DL,Travis,Johnson,Florida State,1st
2004,DL,Mario,Williams,C. State,1st
2004,LB,D'Qwell,Jackson,Maryland,1st
2004,LB,Leroy,Hill,Clemson,1st
2004,LB,Ahmad,Brooks,Virginia,1st
2004,DB,Antrel,Rolle,Miami,1st
2004,DB,Jimmy,Williams,Virginia Tech,1st
2004,DB,James,Butler,Georgia Tech,1st
2004,DB,Antonio,Cromartie,Florida State,1st
2004,DL,Manny,Lawson,N.C. State,2nd
2004,DL,Jim,Davis,Virginia Tech,2nd
2004,DL,Eric,Henderson,Georgia Tech,2nd
2004,DL,Chauncey,Davis,Florida State,2nd
2004,LB,Darryl,Blackstock,Virginia,2nd
2004,LB,Gerris,Wilkinson,Georgia Tech,2nd
2004,LB,Ernie,Sims,Florida State,2nd
2004,DB,John,Talley,Duke,2nd
2004,DB,Eric,King,Wake Forest,2nd
2004,DB,Bryant,McFadden,Florida State,2nd
2004,DB,Domonique,Foxworth,Maryland,2nd
2004,DB,Justin,Miller,Clemson,2nd
2004,PK,Brandon,Pace,Virginia Tech,1st
2004,P,Ryan,Plackemeier,Wake Forest,1st
2004,SP,Devin,Hester,Miami,1st
2004,PK,Bell,Georgia,Georgia Tech,2nd
2004,P,Podlesh,Maryland,Maryland,2nd
2004,SP,Miller,Clemson,Clemson,2nd
2005,QB,Marcus,Vick,Virginia Tech,1st
2005,RB,Chris,Barclay,Wake Forest,1st
2005,RB,Tyrone,Moss,Miami,1st
2005,WR,Calvin,Johnson,Georgia Tech,1st
2005,WR,Chansi,Stuckey,Clemson,1st
2005,TE,Vernon,Davis,Maryland,1st
2005,OT,Eric,Winston,Miami,1st
2005,OT,D'Brickashaw,Ferguson,Virginia,1st
2005,OG,Jason,Murphy,Virginia Tech,1st
2005,OG,Kyle,Ralph,North Carolina,1st
2005,C,Will,Montgomery,Virginia Tech,1st
2005,OT,D'Brickashaw,Ferguson,Virginia,1st
2005,OG,Jason,Murphy,Virginia Tech,1st
2005,OG,Kyle,Ralph,North Carolina,1st
2005,C,Will,Montgomery,Virginia Tech,1st
2005,QB,Charlie,Whitehurst,Clemson,2nd
2005,RB,Lance,Ball,Maryland,2nd
2005,RB,P,J. Daniels,Georgia Tech,2nd
2005,WR,Will,Blackmon,Boston College,2nd
2005,WR,Greg,Carr,Florida State,2nd
2005,TE,Jeff,King,Virginia Tech,2nd
2005,TE,T,J. Williams,N.C. State,2nd
2005,OT,Jimmy,Martin,Virginia Tech,2nd
2005,OT,Jeremy,Trueblood,Boston College,2nd
2005,OG,Josh,Beekman,Boston College,2nd
2005,OG,Roman,Fry,Clemson,2nd
2005,C,Pat,Ross,Boston College,2nd
2005,DL,Mathias,Kiwanuka,Boston College,1st
2005,DL,Darryl,Tapp,Virginia Tech,1st
2005,DL,Mario,Williams,N.C. State,1st
2005,DL,Manny,Lawson,N.C. State,1st
2005,LB,D'Qwell,Jackson,Maryland,1st
2005,LB,Stephen,Tulloch,N.C. State,1st
2005,LB,Kai,Parham,Virginia,1st
2005,DB,Jimmy,Williams,Virginia Tech,1st
2005,DB,Kelly,Jennings,Miami,1st
2005,DB,Tye,Hill,Clemson,1st
2005,DB,John,Talley,Duke,1st
2005,DL,Eric,Henderson,Georgia Tech,2nd
2005,DL,Brodrick,Bunkley,Florida State,2nd
2005,DL,Kamerion,Wimbley,Florida State,2nd
2005,DL,Jonathan,Lewis,Virginia Tech,2nd
2005,LB,A,J. Nicholson,Florida State,2nd
2005,LB,Vince,Hall,Virginia Tech,2nd
2005,LB,Gerris,Wilkinson,Georgia Tech,2nd
2005,DB,Brandon,Meriweather,Miami,2nd
2005,DB,Josh,Gattis,Wake Forest,2nd
2005,DB,Marcus,Hamilton,Virginia,2nd
2005,DB,Dawan,Landry,Georgia Tech,2nd
2005,PK,Connor,Hughes,Virginia,1st
2005,P,Ryan,Plackemeier,Wake Forest,1st
2005,SP,Devin,Hester,Miami,1st
2005,PK,Jad,Dean,Clemson,2nd
2005,P,Adam,Podlesh,Maryland,2nd
2005,SP,Darrell,Blackman,N.C. State,2nd
2006,QB,Matt ,Ryan,Boston College,1st
2006,RB,James ,Davis ,Clemson,1st
2006,WR,Calvin,Johnson,Georgia Tech,1st
2006,WR,Darrius,Heyward-Bey,Maryland,1st
2006,TE,Greg,Olsen,Miami,1st
2006,OT,Steve ,Vallos,Wake Forest,1st
2006,OT,Duane,Brown,Virginia Tech,1st
2006,OG,Josh,Beekman,Boston College,1st
2006,OG,Leroy ,Harris,NC State,1st
2006,C,Steve,Justice,Wake Forest,1st
2006,QB,Riley,Skinner,Wake Forest,2nd
2006,RB,Tashard ,Choice,Georgia Tech,1st
2006,RB,Brandon,Ore,Virginia Tech,2nd
2006,RB,C.J.,Spiller,Clemson,2nd
2006,WR,Chansi,Stuckey,Clemson,2nd
2006,WR,Greg,Carr,Florida State,2nd
2006,TE,Anthony ,Hill,NC State,2nd
2006,OT,Barry ,Richardson,Clemson,2nd
2006,OT,Jim ,Marten,Boston College,2nd
2006,G,Nathan,Bennett,Clemson,2nd
2006,G,Andrew,Crummey,Maryland,2nd
2006,C,Dustin,Fry,Clemson,2nd
2006,DE,Gaines ,Adams,Clemson,1st
2006,DE,Chris ,Long,Virginia,1st
2006,DE,Calais ,Campbell,Miami,2nd
2006,DE,Adamm,Oliver,Georgia Tech,2nd
2006,DT,Joe,Anoai,Georgia Tech,1st
2006,DT,Kareem,Brown,Miami,1st
2006,DT,Demarcus ,Tyler,NC State,2nd
2006,DT,Andre,Fluellen,Florida State,2nd
2006,DT,B.J.,Raji,Boston College,2nd
2006,LB,Vince ,Hall,Virginia Tech,1st
2006,LB,Phillip,Wheeler,Georgia Tech,1st
2006,LB,Buster ,Davis,Florida State,1st
2006,LB,Erin,Henderson,Maryland,2nd
2006,LB,Jon,Abbate,Wake Forest,2nd
2006,LB,Xavier,Adibi,Virginia Tech,2nd
2006,CB,John,Talley,Duke,1st
2006,CB,Marcus,Hamilton,Virginia,1st
2006,CB,Brandon,Flowers,Virginia Tech,2nd
2006,CB,DeJuan,Tribble,Boston College,2nd
2006,S,Josh,Gattis,Wake Forest,1st
2006,S,Kenny,Phillips,MIami,1st
2006,S,Jamal,Lewis,Georgia Tech,2nd
2006,S,Brandon ,Meriweather,Miami,2nd
2006,PK,Sam ,Swank,Wake Forest,1st
2006,PK,Brandon,Pace,Virginia Tech,2nd
2006,P,Durant,Brooks,Georgia Tech,1st
2006,P,Adam,Podlesh,Maryland,2nd
2006,SP,Darrell,Blackman,NC State,1st
2006,SP,Eddie,Royal,Virginia Tech,2nd
2007,QB,Matt,Ryan,Boston College,1st
2007,RB,Tashard ,Choice,Georgia Tech,1st
2007,RB,James,Davis,Clemson,1st
2007,WR,Aaron,Kelly,Clemson,1st
2007,WR,Kenneth,Moore,Wake Forest,1st
2007,TE,Ryan,Purvis,Boston College,1st
2007,OT,Barry,Richardson,Clemson,1st
2007,OT,Andrew,Gardner,Georgia Tech,1st
2007,OG,Branden,Albert,Virginia,1st
2007,OG,Chris,McDuffie,Clemson,1st
2007,C,Steve,Justice,Wake Forest,1st
2007,QB,Cullen,Harper,Clemson,2nd
2007,RB,Andre,Callender,Boston College,2nd
2007,RB,Josh,Adams,Wake Forest,2nd
2007,WR,Hakeen,Nicks,UNC,2nd
2007,WR,Eron,Riley,Duke,2nd
2007,TE,Tom,Santi,Virginia,2nd
2007,OT,Duane,Brown,Virginia Tech,2nd
2007,OT,Gosder,Cherilus,Boston College,2nd
2007,OG,Andrew,Crummey,Maryland,2nd
2007,OG,Rodney,Hudson,Florida State,2nd
2007,C,Kevin,Tuminello,Georgia Tech,2nd
2007,OG,Derrick ,Morse,Miami,2nd
2007,DE,Chris,Long,Virginia,1st
2007,DE,Chris,Ellis,Virginia Tech,1st
2007,DT,Vance,Walker,Georgia Tech,1st
2007,DT,Dre,Moore,Maryland,1st
2007,LB,Erin,Henderson,Maryland,1st
2007,LB,Xavier,Adibi,Virginia Tech,1st
2007,LB,Geno,Hayes,Florida State,1st
2007,CB,Alphonso,Smith,Wake Forest,1st
2007,CB,Macho,Harris,Virginia Tech,1st
2007,S,Jamie,Silva,Boston College,1st
2007,S,Kenny,Phillips,Miami,1st
2007,DE,Hilee,Taylor,UNC,2nd
2007,DE,Darrell,Robertson,Georgia Tech,2nd
2007,DT,Barry,Booker,Virginia Tech,2nd
2007,DT,Kentwan,Balmer,UNC,2nd
2007,LB,Durell,Mapp,UNC,2nd
2007,LB,Aaron,Curry,Wake Forest,2nd
2007,LB,Jo,Dunbar,Boston College,2nd
2007,CB,DeJuan,Tribble,Boston College,2nd
2007,CB,Brandon,Flowers,Virginia Tech,2nd
2007,S,Michael,Hamlin,Clemson,2nd
2007,S,DaJuan,Morgan,NC State,2nd
2007,LB,Phillip,Wheeler,Georgia Tech,2nd
2007,K,Travis,Ball,Georgia Tech,1st
2007,K,Gary,Cismesia,Florida State,2nd
2007,P,Durant,Brooks,Georgia Tech,1st
2007,P,Ryan,Weigand,Virginia,2nd
2007,SP,Eddie,Royal,Virginia Tech,1st
2007,SP,Darrell,Blackman,NC State,2nd
2008,QB,Russell,Wilson,NC State,1st
2008,RB,Jonathan,Dwyer,Georgia Tech,1st
2008,RB,Da'Rel,Scott,Maryland,1st
2008,WR,Hakeem,Nicks,North Carolina,1st
2008,WR,D.J.,J. Boldin,"Boldin Boldin, Wake Forest",1st
2008,TE,John,Phillips, Virginia,1st
2008,OT,Eugene,Monroe, Virginia,1st
2008,OT,Andrew,Gardner,Georgia Tech,1st
2008,OG,Rodney,Hudson,Florida State,1st
2008,OG,Cliff,Ramsey,Boston College,1st
2008,C,Edwin,Williams, Maryland,1st
2008,QB,Thaddeus,Lewis, Duke,2nd
2008,RB,Darren,Evans,Virginia Tech,2nd
2008,RB,C.J.,J. Spiller,,2nd
2008,WR,Eron,Riley, Duke,2nd
2008,WR,Aaron,Kelly, Clemson,2nd
2008,TE,Ryan,Purvis,Boston College,2nd
2008,OT,Garrett,Reynolds,North Carolina,2nd
2008,OT,Anthony,Castonzo,Boston College,2nd
2008,OG,Sergio,Render,Virginia Tech,2nd
2008,OG,Cord,Howard,Georgia Tech,2nd
2008,C,Thomas,Austin, Clemson,2nd
2008,DE,Everette,Brown,Florida State,1st
2008,DE,Michael,Johnson,Georgia Tech,1st
2008,DT,B.J.,J. Raji,"Raji Raji, Boston College",1st
2008,DT,Vance,Walker,Georgia Tech,1st
2008,LB,Mark,Herzlich,Boston College,1st
2008,LB,Michael,Tauiliili, Duke,1st
2008,LB,Aaron,Curry,Wake Forest,1st
2008,CB,Alphonso,Smith,Wake Forest,1st
2008,CB,Victor,Harris,Virginia Tech,1st
2008,S,Trimane,Goddard,North Carolina,1st
2008,S,Michael,Hamlin, Clemson,1st
2008,DE,Orion,Martin,Virginia Tech,1st
2008,DE,Jason,Worilds,Virginia Tech,1st
2008,DT,Ron,Brace,Boston College,1st
2008,DT,Darryl,Richard,Georgia Tech,1st
2008,LB,Clint,Sintim, Virginia,1st
2008,LB,Alex,Wujciak, Maryland,1st
2008,LB,Mark,Paschal,North Carolina,1st
2008,CB,Ras-I,I Dowling,Virginia,1st
2008,CB,Tony,Carter,Florida State,1st
2008,CB,Kendric,Burney,North Carolina,1st
2008,S,Morgan,Burnett,Georgia Tech,1st
2008,S,Myron,Rolle,Florida State,1st
2008,K,Graham,Gano,Florida State,1st
2008,P,Travis,Baltz, Maryland,1st
2008,SP,C.J.,J. Spiller,Clemson,1st
2008,K,Matt,Bosher, Miami,2nd
2008,P,Matt,Bosher, Miami,2nd
2008,SP,Michael,Ray Garvin, State,2nd
2009,QB,Josh,Nesbitt,Georgia Tech,1st
2009,RB,Jonathan,Dwyer,Georgia Tech,1st
2009,RB,Ryan,Williams,Virginia Tech,1st
2009,WR,Demaryius,Thomas,Georgia Tech,1st
2009,WR,Donovan,Donovan Varner,Duke,1st
2009,TE,George,N,N.C. State,1st
2009,TE,Michael,Michael Palmer,Clemson,1st
2009,OT,Jason,Jason Fox,Miami,1st
2009,OT,Anthony,Castonzo,Boston College,1st
2009,OG,Rodney,Hudson,Florida State,1st
2009,OG,Cord,Howard,Georgia Tech,1st
2009,C,Sean,Bedford,Georgia Tech,1st
2009,K,Matt,Waldron,Virginia Tech,1st
2009,K,Matt,Matt Bosher,Miami,1st
2009,SP,C,J. Spiller,Clemson,1st
2009,DE,Derrick,Morgan,Georgia Tech,1st
2009,DE,Robert,Quinn,North Carolina,1st
2009,DT,Nate,Nate Collins,Virginia,1st
2009,DT,Allen,Allen Bailey,Miami,1st
2009,LB,Cody,Grimm,Virginia Tech,1st
2009,LB,Luke,Kuechly,Boston College,1st
2009,LB,Quan,Sturdivant,North Carolina,1st
2009,LB,Alex,Alex Wujciak,Maryland,1st
2009,CB,Kendric,Burney,North Carolina,1st
2009,CB,Brandon,Brandon Harris,Miami,1st
2009,S,DeAndre,DeAndre McDaniel,Clemson,1st
2009,S,Deunta,Williams,North Carolina,1st
2009,P,Brent,Bowden,Virginia Tech,1st
2009,QB,Thaddeus,Thaddeus Lewis,Duke,2nd
2009,RB,C,J. Spiller,Clemson,2nd
2009,RB,Montel,Harris,Boston College,2nd
2009,WR,Torrey,Torrey Smith,Maryland,2nd
2009,WR,Jacoby,Jacoby Ford,Clemson,2nd
2009,TE,Greg,Boone,Virginia Tech,2nd
2009,OT,Ed,Wang,Virginia Tech,2nd
2009,OT,Chris,Chris Hairston,Clemson,2nd
2009,OG,Thomas,Thomas Austin,Clemson,2nd
2009,OG,Sergio,Render,Virginia Tech,2nd
2009,C,Matt,Tennant,Boston College,2nd
2009,K,Casey,Barth,North Carolina,2nd
2009,K,Will,Will Snyderwine,Duke,2nd
2009,SP,Torrey,Torrey Smith,Maryland,2nd
2009,DE,Ricky,Ricky Sapp,Clemson,2nd
2009,DE,Willie,N,N.C. State,2nd
2009,DE,Jason,Worilds,Virginia Tech,2nd
2009,DT,Marvin,Austin,North Carolina,2nd
2009,DT,John,Russell,Wake Forest,2nd
2009,LB,Vincent,Vincent Rey,Duke,2nd
2009,LB,Darryl,Darryl Sharpton,Miami,2nd
2009,LB,Bruce,Carter,North Carolina,2nd
2009,LB,Colin,Colin McCarthy,Miami,2nd
2009,LB,Dekoda,Watson,Florida State,2nd
2009,CB,Ras,I Dowling,Virginia,2nd
2009,CB,Patrick,Robinson,Florida State,2nd
2009,S,Morgan,Burnett,Georgia Tech,2nd
2009,S,Kam,Chancellor,Virginia Tech,2nd
2009,P,Matt,Matt Bosher,Miami,2nd
2010,QB,Tyrod,Taylor,Virginia Tech,1st
2010,RB,Montel,Harris,Boston College,1st
2010,RB,Anthony,Allen,Georgia Tech,1st
2010,WR,Leonard,Leonard Hankerson,Miami,1st
2010,WR,Torrey,Torrey Smith,Maryland,1st
2010,TE,George,Bryan,N.C. State,1st
2010,OT,Anthony,Castonzo,Boston College,1st
2010,OT,Chris,Chris Hairston,Clemson,1st
2010,OG,Rodney,Hudson,Florida State,1st
2010,OG,Brandon,Brandon Washington,Miami,1st
2010,C_,Sean,Bedford,Georgia Tech,1st
2010,K_,Chris,Hazley,Virginia Tech,1st
2010,SP,Tony,Tony Logan,Maryland,1st
2010,DE,Da'Quan,Da'Quan Bowers,Clemson,1st
2010,DE,Brandon,Jenkins,Florida State,1st
2010,DT,Quinton,Coples,North Carolina,1st
2010,DT,Jarvis,Jarvis Jenkins,Clemson,1st
2010,LB,Luke,Kuechly,Boston College,1st
2010,LB,Nate,Irving,N.C. State,1st
2010,LB,Alex,Alex Wujciak,Maryland,1st
2010,CB,Jayron,Hosley,Virginia Tech,1st
2010,CB,Chase,Chase Minnifield,Virginia,1st
2010,S,DeAndre,DeAndre McDaniel,Clemson,1st
2010,S,Kenny,Kenny Tate,Maryland,1st
2010,P,Matt,Matt Bosher,Miami,1st
2010,QB,Russell,WIlson,N.C. State,2nd
2010,RB,Damien,Damien Berry,Miami,2nd
2010,RB,Keith,Keith Payne,Virginia,2nd
2010,WR,Conner,Conner Vernon,Duke,2nd
2010,WR,Owen,Spencer,N.C. State,2nd
2010,TE,Dwayne,Dwayne Allen,Clemson,2nd
2010,OT,Orlando,Orlando Franklin,Miami,2nd
2010,OT,Blake,DeChristopher,Virginia Tech,2nd
2010,OG,Jaymes,Brooks,Virginia Tech,2nd
2010,OG,Omoregie,Uzzi,Georgia Tech,2nd
2010,OG,Jonathan,Cooper,North Carolina,2nd
2010,C,Ryan,McMahon,Florida State,2nd
2010,K,Will,Will Snyderwine,Duke,2nd
2010,SP,David,Wilson,Virginia Tech,2nd
2010,DE,Allen,Allen Bailey,Miami,2nd
2010,DE,Steven,Friday,Virginia Tech,2nd
2010,DT,John,Graves,Virginia Tech,2nd
2010,DT,Joe,Joe Vellano,Maryland,2nd
2010,LB,Bruce,Carter,North Carolina,2nd
2010,LB,Bruce,Taylor,Virginia Tech,2nd
2010,LB,Sean,Sean Spence,Miami,2nd
2010,CB,Xavier,Rhodes,Florida State,2nd
2010,CB,Brandon,Brandon Harris,Miami,2nd
2010,S,Davon,Morgan,Virginia Tech,2nd
2010,S,Ray,Ray Armstrong,Miami,2nd
2010,P,Brian,Saunders,Virginia Tech,2nd
2011,QB,Tajh,Boyd,Clemson,1st
2011,RB,David,Wilson,Virginia Tech,1st
2011,RB,Giovani,Bernard,North Carolina,1st
2011,WR,Sammy,Watkins,Clemson,1st
2011,WR,Chris,Givens,Wake Forest,1st
2011,OT,Blake,DeChristopher,Virginia Tech,1st
2011,OT,Zebrie,Sanders,Florida State,1st
2011,OG,Austin,Pasztor,Virginia,1st
2011,OG,Omoregie,Uzzi,Georgia Tech,1st
2011,C,Dalton,Freeman,Clemson,1st
2011,TE,Dwayne,Allen,Clemson,1st
2011,K,Dustin,Hopkins,Florida State,1st
2011,SP, T,J. Graham,N.C. State,1st
2011,DE,Andre,Branch,Clemson,1st
2011,DE,Quinton,Coples,North Carolina,1st
2011,DT,Joe,Vellano,Maryland,1st
2011,DT,Matt,Conrath,Virginia,1st
2011,LB,Luke,Kuechly,Boston College,1st
2011,LB,Sean,Spence,Miami,1st
2011,LB,Zach,Brown,North Carolina,1st
2011,CB,David,Amerson,N.C. State,1st
2011,CB,Chase,Minnifield,Virginia,1st
2011,S,Matt,Daniels,Duke,1st
2011,S,Josh,Bush,Wake Forest,1st
2011,P,Shawn,Powell,Florida State,1st
2011,QB,Logan,Thomas,Virginia Tech,2nd
2011,WR,Dwight,Jones,North Carolina,2nd
2011,WR,Conner,Vernon,Duke,2nd
2011,RB,Lamar,Miller,Miami,2nd
2011,RB,Andre,Ellington,Clemson,2nd
2011,OT,Oday,Aboushi,Virginia,2nd
2011,OT,James,Hurst,North Carolina,2nd
2011,OG,Jaymes,Brooks,Virginia Tech,2nd
2011,OG,Jonathan,Cooper,North Carolina,2nd
2011,OG,Joe,Looney,Wake Forest,2nd
2011,C,Tyler,Horn,Miami,2nd
2011,TE,George,Bryan,N.C. State,2nd
2011,K,Chandler,Catanzaro,Clemson,2nd
2011,SP,Sammy,Watkins,Clemson,2nd
2011,DE,Brandon,Jenkins,Florida State,2nd
2011,DE,James,Gayle,Virginia Tech,2nd
2011,DT,Brandon,Thompson,Clemson,2nd
2011,DT,Nikita,Whitlock,Wake Forest,2nd
2011,LB,Terrell,Manning,N.C. State,2nd
2011,LB,Julian,Burnett,Georgia Tech,2nd
2011,LB,Steve,Greer,Virginia,2nd
2011,CB,Jayron,Hosley,Virginia Tech,2nd
2011,CB,Kyle,Fuller,Virginia Tech,2nd
2011,S,Eddie,Whitley,Virginia Tech,2nd
2011,S,Lamarcus,Joyner,Florida State,2nd
2011,P,Alex,King,Duke,2nd
2012,QB,Tajh,Boyd,Clemson,1st
2012,RB,Giovani,Bernard,North Carolina,1st
2012,RB,Andre,Ellington,Clemson,1st
2012,WR,Conner,Vernon,Duke,1st
2012,WR,Sammy,Watkins,Clemson,1st
2012,TE,Matt,Furstenburg,Maryland,1st
2012,C,Dalton,Freeman,Clemson,1st
2012,OL,Oday,Aboushi,Virginia,1st
2012,OL,Jonathan,Cooper,North Carolina,1st
2012,OL,James,Hurst,North Carolina,1st
2012,OL,Omoregie,Uzzi,Georgia Tech,1st
2012,DL,James,Gayle,Virginia Tech,1st
2012,DL,Brandon,Jenkins,Florida State,1st
2012,DL,Joe,Vellano,Maryland,1st
2012,DL,Nikita,Whitlock,Wake Forest,1st
2012,LB,Steve,Greer,Virginia,1st
2012,LB,Kevin,Reddick,North Carolina,1st
2012,LB,Bruce,Taylor,Virginia Tech,1st
2012,CB,David,Amerson,NC State,1st
2012,CB,Kyle,Fuller,Virginia Tech,1st
2012,S,Lamarcus,Joyner,Florida State,1st
2012,S,Earl,Wolff,NC State,1st
2012,K,Dustin,Hopkins,Florida State,1st
2012,P,Dalton,Botts,Miami,1st
2012,KR,T.J,Thorpe,North Carolina,1st
2012,PR,Michael,Campanaro,Wake Fores,1st
2012,QB,Logan,Thomas,Virginia Tech,2nd
2012,RB,Perry,Jones,Virginia,2nd
2012,RB,Orwin,Smith,Georgia Tech,2nd
2012,WR,Rashad,Greene,Florida State,2nd
2012,WR,DeAndre,Hopkins,Clemson,2nd
2012,TE,Nick,O'Leary,Florida State,2nd
2012,C,Camden,Wentz,NC State,2nd
2012,OL,Emmett,Cleary,Boston College,2nd
2012,OL,Brandon,Linder,Miami,2nd
2012,OL,R.J,Mattes,NC State,2nd
2012,OL,Morgan,Moses,Virginia,2nd
2012,DL,Anthony,Chickillo,Miami,2nd
2012,DL,J.R,Collins,Virginia Tech,2nd
2012,DL,Malliciah,Goodman,Clemson,2nd
2012,DL,Bjoern,Werner,Florida State,2nd
2012,LB,Jeremiah,Attaochu,Georgia Tech,2nd
2012,LB,Demetrius,Hartsfield,Maryland,2nd
2012,LB,Kenny,Tate,Maryland,2nd
2012,CB,Merrill,Noel,Wake Forest,2nd
2012,CB,Xavier,Rhodes,Florida State,2nd
2012,S,Rashard,Hall,Clemson,2nd
2012,S,Isaiah,Johnson,Georgia Tech,2nd
2012,K,Chandler,Catanzaro,Clemson,2nd
2012,P,Sean,Poole,Georgia Tech,2nd
2012,KR,Sammy,Watkins,Clemson,2nd
2012,PR,Jamison,Crowder,Duke,2nd
2013,QB,Tajh,Boyd,Clemson,1st
2013,RB,Duke,Johnson,Miami,1st
2013,RB,Jerome,Smith,Syracuse,1st
2013,WR,Stefon,Diggs,Maryland,1st
2013,WR,Sammy,Watkins,Clemson,1st
2013,TE,Eric,Ebron,North Carolina,1st
2013,C,Bryan,Stork,Florida State,1st
2013,OG,Treâ,Jackson,Florida State,1st
2013,OG,Brandon,Linder,Miami,1st
2013,OT,James,Hurst,North Carolina,1st
2013,OT,Brandon,Thomas,Clemson,1st
2013,DE,James,Gayle,Virginia Tech,1st
2013,DE,Kareem,Martin,North Carolina,1st
2013,DT,Aaron,Donald,Pittsburgh,1st
2013,DT,Timmy,Jernigan,Florida State,1st
2013,LB,Christian,Jones,Florida State,1st
2013,LB,Quayshawn,Nealy,Georgia Tech,1st
2013,LB,Jack,Tyler,Virginia Tech,1st
2013,CB,Ross,Cockrell,Duke,1st
2013,CB,Lamarcus,Joyner,Florida State,1st
2013,S,Kyshoen,Jarrett,Virginia Tech,1st
2013,S,Jason,Hendricks,Pittsburgh,1st
2013,K,Chandler,Catanzaro,Clemson,1st
2013,P,Will,Monday,Duke,1st
2013,KR,Duke,Johnson,Miami,1st
2013,PR,Rashad,Greene,Florida State,1st
2013,QB,Bryn,Renner,North Carolina,2nd
2013,RB,Kevin,Parks,Virginia,2nd
2013,RB,James,Wilder Jr.,Florida State,2nd
2013,WR,Alex,Amidon,Boston College,2nd
2013,WR,Michael,Campanaro,Wake Forest,2nd
2013,TE,Jake,McGee,Virginia,2nd
2013,C,Russell,Bodine,North Carolina,2nd
2013,OG,Shaquille,Mason,Georgia Tech,2nd
2013,OG,Josue,Matias,Florida State,2nd
2013,OT,Cameron,Erving,Florida State,2nd
2013,OT,Morgan,Moses,Virginia,2nd
2013,DE,Jeremiah,Attaochu,Georgia Tech,2nd
2013,DE,Anthony,Chickillo,Miami,2nd
2013,DT,Derrick,Hopkins,Virginia Tech,2nd
2013,DT,Nikita,Whitlock,Wake Forest,2nd
2013,LB,Jabari Hunt,Hunt-Days,Georgia Tech,2nd
2013,LB,Denzel,Perryman,Miami,2nd
2013,LB,Kevin Pierre,Pierre-Louis,Boston College,2nd
2013,CB,Demetrious,Nicholson,Virginia,2nd
2013,CB,Jemea,Thomas,Georgia Tech,2nd
2013,S,Tre,Boston,North Carolina,2nd
2013,S,Isaiah,Johnson,Georgia Tech,2nd
2013,K,Ross,Martin,Duke,2nd
2013,P,Tommy,Hibbard,North Carolina,2nd
2013,KR,Stefon,Diggs,Maryland,2nd
2013,PR,Jamal,Golden,Georgia Tech,2nd
2014,QB,Jameis,Winston,Florida State,1st
2014,RB,James,Conner,Pittsburgh,1st
2014,RB,Duke,Johnson,Miami,1st
2014,WR,Rashad,Greene,Florida State,1st
2014,WR,Jamison,Crowder,Duke,1st
2014,WR,Tyler,Boyd,Pittsburgh,1st
2014,TE,Nick,O'Leary,Florida State,1st
2014,OT,Cameron,Erving,Florida State,1st
2014,OT,T.J,Clemmings,Pittsburgh,1st
2014,OG,Tre,Jackson,Florida State,1st
2014,OG,Laken,Tomlinson,Duke,1st
2014,C,Andy,Gallik,Boston College,1st
2014,K,Roberto,Aguayo,Florida State,1st
2014,SP,Jamison,Crowder,Duke,1st
2014,DE,Vic,Beasley,Clemson,1st
2014,DE,Mario,Edwards,Florida State,1st
2014,DT,Eddie,Goldman,Florida State,1st
2014,DT,Grady,Jarrett,Clemson,1st
2014,LB,Denzel,Perryman,Miami,1st
2014,LB,David,Helton,Duke,1st
2014,LB,Stephone,Anthony,Clemson,1st
2014,CB,Kendall,Fuller,Virginia Tech,1st
2014,CB,P.J,Williams,Virginia Tech,1st
2014,S,Gerrod,Holliman,Louisville,1st
2014,S,Jalen,Ramsey,Florida State,1st
2014,P,Will,Baumann,N.C. State,1st
2014,QB,Marquise,Williams,North Carolina,2nd
2014,RB,Zach,Laskey,Georgia Tech,2nd
2014,RB,Dalvin,Cook,Florida State,2nd
2014,WR,Phillip,Dorsett,Miami,2nd
2014,WR,Mike,Williams,Clemson,2nd
2014,WR,Artavis,Scott,Clemson,2nd
2014,TE,Clive,Walford,Miami,2nd
2014,OT,Ereck,Flowers,Miami,2nd
2014,OT,Jamon,Brown,Louisville,2nd
2014,OG,Shaq,Mason,Georgia Tech,2nd
2014,OG,Josue,Matias,Florida State,2nd
2014,C,Cameron,Erving,Florida State,2nd
2014,K,Ian,Frye,Virginia,2nd
2014,SP,Tyler,Boyd,Pittsburgh,2nd
2014,DE,Dadi,Nicolas,Virginia Tech,2nd
2014,DE,Eli,Harold,Virginia,2nd
2014,DT,Adam,Gotsis,Georgia Tech,2nd
2014,DT,Tylor,Harris,Wake Forest,2nd
2014,LB,Terrence,Smith,Florida State,2nd
2014,LB,Lorenzo,Maudlin,Louisville,2nd
2014,LB,Henry,Coley,Virginia,2nd
2014,LB,Quayshawn,Nealy,Georgia Tech,2nd
2014,CB,Gary,Peters,Clemson,2nd
2014,CB,Maurice,Canady,Virginia,2nd
2014,S,Jeremy,Cash,Duke,2nd
2014,S,Quin,Blanding,Virginia,2nd
2014,P,Alex,Kinal,Wake Forest,2nd
2015,QB,Deshaun,Watson,Clemson,1st
2015,RB,Dalvin,Cook,Florida State,1st
2015,RB,Elijah,Hood,North Carolina,1st
2015,WR,Tyler,Boyd,Pittsburgh,1st
2015,WR,Artavis,Scott,Clemson,1st
2015,WR,Isaiah,Ford,Virginia Tech,1st
2015,OT,Roderick,Johnson,Florida State,1st
2015,OT,Joe,Thuney,N.C. State,1st
2015,OG,Landon,Turner,North Carolina,1st
2015,OG,Eric,Mac Lain,Clemson,1st
2015,C,Matt,Skura,Duke,1st
2015,K,Roberto,Aguayo,Florida State,1st
2015,SP,DeVon,Edwards,Duke,1st
2015,DE,Shaq,Lawson,Clemson,1st
2015,DE,Ejuan,Price,Pittsburgh,1st
2015,DT,Carlos,Watkins,Clemson,1st
2015,DT,Luther,Maddy,Virginia Tech,1st
2015,DT,Connor,Wujciak,Boston College,1st
2015,LB,Micah,Kiser,Virginia,1st
2015,LB,Brandon,Chubb,Wake Forest,1st
2015,LB,Keith,Kelsey,Louisville,1st
2015,CB,Jalen,Ramsey,Florida State,1st
2015,CB,Mackensie,Alexander,Clemson,1st
2015,S,Jeremy,Cash,Duke,1st
2015,S,Quin,Blanding,Virginia,1st
2015,P,Riley,Dixon,Syracuse,1st
2015,QB,Marquise,Williams,North Carolina,2nd
2015,RB,Wayne,Gallman,Clemson,2nd
2015,RB,Qadree,Ollison,Pittsburgh,2nd
2015,WR,Travis,Rudolph,Florida State,2nd
2015,WR,Canaan,Severin,Virginia,2nd
2015,WR,Mack,Hollins,North Carolina,2nd
2015,WR,Kermit,Whitfield,Florida State,2nd
2015,TE,Jordan,Leggett,Clemson,2nd
2015,OT,Jon,Heck,North Carolina,2nd
2015,OT,Adam,Bismowaty,Pittsburgh,2nd
2015,OG,Dorian,Johnson,Pittsburgh,2nd
2015,OG,Caleb,Peterson,North Carolina,2nd
2015,C,Jay,Guillermo,Clemson,2nd
2015,K,Greg,Huegel,Clemson,2nd
2015,SP,Ryan,Switzer,North Carolina,2nd
2015,DE,Mike,Rose,N.C. State,2nd
2015,DE,DeMarcus,Walker,Florida State,2nd
2015,DT,Nile,Lawrence-Stample,Florida State,2nd
2015,DT,DeAngelo,Brown,Louisville,2nd
2015,LB,Steven,Daniels,Boston College,2nd
2015,LB,Ben,Boulware,Clemson,2nd
2015,LB,B,J. Goodson,Clemson,2nd
2015,LB,Reggie,Northrup,Florida State,2nd
2015,CB,M.J.,Stewart,North Carolina,2nd
2015,CB,Artie,Burns,Miami,2nd
2015,S,Jayron,Kearse,Clemson,2nd
2015,S,Justin,Simmons,Boston College,2nd
2015,P,Alex,Kinal,Wake Forest,2nd
2016,QB,Lamar,Jackson,Louisville,1st
2016,RB,Dalvin,Cook,Florida State,1st
2016,RB,James,Conner,Pittsburgh,1st
2016,WR,Mike,Williams,Clemson,1st
2016,WR,Amba,Etta-Tawo,Syracuse,1st
2016,WR,Ryan,Switzer,North Carolina,1st
2016,TE,Jordan,Leggett,Clemson,1st
2016,OT,Roderick,Johnson,Florida State,1st
2016,OT,Mitch,Hyatt,Clemson,1st
2016,OG,Tyrone,Crowder,Clemson,1st
2016,OG,Dorian,Johnson,Pittsburgh,1st
2016,C,Jay,Guillermo,Clemson,1st
2016,K,Mike,Weaver,Wake Forest,1st
2016,SP,Quadree,Henderson,Pittsburgh,1st
2016,DE,DeMarcus,Walker,Florida State,1st
2016,DE,Ejuan,Price,Pittsburgh,1st
2016,DT,Carlos,Watkins,Clemson,1st
2016,DT,Woody,Baron,Virginia Tech,1st
2016,LB,Ben,Boulware,Clemson,1st
2016,LB,Micah,Kiser,Virginia,1st
2016,LB,Devonte,Fields,Louisville,1st
2016,CB,Tarvarus,McFadden,Florida State,1st
2016,CB,Cordrea,Tankersley,Clemson,1st
2016,S,Quin,Blanding,Virginia,1st
2016,S,Jadar,Johnson,Clemson,1st
2016,P,Nicholas,Conte,Virginia,1st
2016,QB,Deshaun,Watson,Clemson,2nd
2016,RB,Matthew,Dayes,N.C. State,2nd
2016,RB,Wayne,Gallman,Clemson,2nd
2016,WR,Isaiah,Ford,Virginia Tech,2nd
2016,WR,Travis,Rudolph,Florida State,2nd
2016,WR,Ahmmon,Richards,Miami,2nd
2016,TE,Cole,Hikutini,Louisville,2nd
2016,OT,Adam,Bisnowaty,Pittsburgh,2nd
2016,OT,Jon,Heck,North Carolina,2nd
2016,OG,Tony,Adams,N.C. State,2nd
2016,OG,Kareem,Are,Florida State,2nd
2016,C,Lucas,Crowley,North Carolina,2nd
2016,K,Greg,Huegel,Clemson,2nd
2016,SP,T.J,Logan,North Carolina,2nd
2016,DE,Harold,Landry,Boston College,2nd
2016,DE,Christian,Wilkins,Clemson,2nd
2016,DT,Dexter,Lawrence,Clemson,2nd
2016,DT,DeAngelo,Brown,Louisville,2nd
2016,LB,Marquel,Lee,Wake Forest,2nd
2016,LB,Keith,Kelsey,Louisville,2nd
2016,LB,Tremaine,Edmunds,Virginia Tech,2nd
2016,CB,Jaire,Alexander,Louisville,2nd
2016,CB,Corn,Elder,Miami,2nd
2016,S,Jordan,Whitehead,Pittsburgh,2nd
2016,S,Jessie,Bates,Wake Forest,2nd
2016,P,Justin,Vogel,Miami,2nd
2017,WR,Steve,Ishmael,Syracuse,1st
2017,WR,Cam,Phillips,Virginia Tech,1st
2017,WR,Jaylen,Smith,Louisville,1st
2017,TE,Cam,Serigne,Wake Forest,1st
2017,OT,Mitch,Hyatt,Clemson,1st
2017,OT,Brian,O'Neill,Pittsburgh,1st
2017,OG,Tyrone,Crowder,Clemson,1st
2017,OG,Wyatt,Teller,Virginia Tech,1st
2017,C,Justin,Falcinelli,Clemson,1st
2017,QB,Lamar,Jackson,Louisville,1st
2017,RB,AJ,Dillon,Boston College,1st
2017,RB,Nyheim,Hines,NC State,1st
2017,AP,Jaylen,Samuels,NC State,1st
2017,PK,Michael,Badgley,Miami,1st
2017,SP,Anthony,Ratliff-Williams,North Carolina,1st
2017,DE,Bradley,Chubb,NC State,1st
2017,DE,Clelin,Ferrell,Clemson,1st
2017,DT,Christian,Wilkins,Clemson,1st
2017,DT,Dexter,Lawrence,Clemson,1st
2017,LB,Micah,Kiser,Virginia,1st
2017,LB,Tremaine,Edmunds,Virginia Tech,1st
2017,LB,Joe,Giles-Harris,Duke,1st
2017,CB,Mark,Gilbert,Duke,1st
2017,CB,Greg,Stroman,Virginia Tech,1st
2017,S,Quin,Blanding,Virginia,1st
2017,S,Derwin,James,Florida State,1st
2017,P,Ryan,Winslow,Pittsburgh,1st
2017,WR,Kelvin,Harmon,NC State,2nd
2017,WR,Olamide,Zaccheaus,Virginia,2nd
2017,WR,Ervin,Philips,Syracuse,2nd
2017,TE,Christopher,Herndon IV,Miami,2nd
2017,OT,Will,Richardson,NC State,2nd
2017,OT,Chris,Lindstrom,Boston College,2nd
2017,OG,Tony,Adams,NC State,2nd
2017,OG,Parker,Braun,Georgia Tech,2nd
2017,C,Ryan,Anderson,Wake Forest,2nd
2017,C,Alec,Eberle,Florida State,2nd
2017,QB,John,Wolford,Wake Forest,2nd
2017,RB,KirVonte,Benson,Georgia Tech,2nd
2017,RB,Travis,Homer,Miami,2nd
2017,AP,Greg,Dortch,Wake Forest,2nd
2017,PK,Mike,Weaver,Wake Forest,2nd
2017,SP,Quadree,Henderson,Pittsburgh,2nd
2017,DE,Austin,Bryant,Clemson,2nd
2017,DE,Duke,Ejiofor,Wake Forest,2nd
2017,DT,Tim,Settle,Virginia Tech,2nd
2017,DT,RJ,McIntosh,Miami,2nd
2017,LB,Dorian,O'Daniel,Clemson,2nd
2017,LB,Shaquille,Quarterman,Miami,2nd
2017,LB,Parris,Bennett,Syracuse,2nd
2017,CB,Michael,Jackson,Miami,2nd
2017,CB,Tarvarus,McFadden,Florida State,2nd
2017,S,Jaquan,Johnson,Miami,2nd
2017,S,Lukas,Denis,Boston College,2nd
2017,P,Lester,Coleman,Virginia,2nd
2018,QB,Ryan,Finley,NC State,1st
2018,RB,Travis,Etienne,Clemson,1st
2018,RB,AJ,Dillon,Boston College,1st
2018,WR,Kelvin,Harmon,NC State,1st
2018,WR,Olamide,Zaccheaus,Virginia,1st
2018,WR,Jakobi,Meyers,NC State,1st
2018,TE,Tommy,Sweeney,Boston College,1st
2018,AP,Greg,Dortch,Wake Forest,1st
2018,OT,Mitch,Hyatt,Clemson,1st
2018,OT,Tyler,Jones,NC State,1st
2018,OG,Chris,Lindstrom,Boston College,1st
2018,OG,Parker,Braun,Georgia Tech,1st
2018,C,Garrett,Bradbury,NC State,1st
2018,DE,Clelin,Ferrell,Clemson,1st
2018,DT,Christian,Wilkins,Clemson,1st
2018,LB,Germaine,Pratt,NC State,1st
2018,LB,Joe,Giles-Harris,Duke,1st
2018,CB,Bryce,Hall,Virginia,1st
2018,S,Andre,Cisco,Syracuse,1st
2018,P,Sterling,Hofrichter,Syracuse,1st
2018,QB,Trevor,Lawrence,Clemson,2nd
2018,RB,Qadree,Ollison,Pitt,2nd
2018,RB,Travis,Homer,Miami,2nd
2018,WR,Tee,Higgins,Clemson,2nd
2018,WR,Jamal,Custis,Syracuse,2nd
2018,WR,Damon,Hazelton,Virginia Tech,2nd
2018,TE,Brevin,Jordan,Miami,2nd
2018,AP,Deon,Jackson,Duke,2nd
2018,OT,Tremayne,Anchrum,Clemson,2nd
2018,OT,Stefano,Millin,Pitt,2nd
2018,OG,Phil,Haynes,Wake Forest,2nd
2018,OG,Sean,Pollard,Clemson,2nd
2018,C,Justin,Falcinelli,Clemson,2nd
2018,DE,Zach,Allen,Boston College,2nd
2018,DE,Alton,Robinson,Syracuse,2nd
2018,DT,Gerald,Willis III,Miami,2nd
2018,DT,Ricky,Walker,Virginia Tech,2nd
2018,LB,Cole,Holcomb,North Carolina,2nd
2018,LB,Tre,Lamar,Clemson,2nd
2018,LB,Ryan,Guthrie,Syracuse,2nd
2018,CB,Trayvon,Mullen,Clemson,2nd
2018,CB,Essang,Bassey,Wake Forest,2nd
2018,S,Jaquan,Johnson,Miami,2nd
2018,S,Cameron,Glenn,Wake Forest,2nd
2018,PK,Christopher,Dunn,NC State,2nd
2018,P,Pressley,Harvin III,Georgia Tech,2nd
2018,SP,Michael,Walker,Boston College,2nd
2019,QB,Trevor,Lawrence,Clemson,1st
2019,RB,Travis,Etienne,Clemson,1st
2019,RB,AJ,Dillon,Boston College,1st
2019,WR,Sage,Surratt,Wake Forest,1st
2019,WR,Tee,Higgins,Clemson,1st
2019,WR,Tutu,Atwell,Louisville,1st
2019,TE,Brevin,Jordan,Miami,1st
2019,AP,Joe,Reed,Virginia,1st
2019,OT,Tremayne,Anchrum,Clemson,1st
2019,OT,Mekhi,Becton,Louisville,1st
2019,OG,John,Simpson,Clemson,1st
2019,OG,John,Phillips,Boston College,1st
2019,C,Jimmy,Morrissey,Pitt,1st
2019,DE,Gregory,Rousseau,Miami,1st
2019,DE,Carlos,Basham,Wake Forest,1st
2019,DT,Jaylen,Twyman,Pitt,1st
2019,DT,Marvin,Wilson,Florida State,1st
2019,LB,Isaiah,Simmons,Clemson,1st
2019,LB,Chazz,Surratt,North Carolina,1st
2019,LB,Shaquille,Quarterman,Miami,1st
2019,CB,Caleb,Farley,Virginia Tech,1st
2019,CB,AJ,Terrell,Clemson,1st
2019,S,Paris,Ford,Pitt,1st
2019,S,Tanner,Muse,Clemson,1st
2019,PK,Nick,Sciba,Wake Forest,1st
2019,P,Sterling,Hofrichter,Syracuse,1st
2019,SP,Joe,Reed,Virginia,1st
2019,QB,Bryce,Perkins,Virginia,2nd
2019,RB,Cam,Akers,Florida State,2nd
2019,RB,Javian,Hawkins,Louisville,2nd
2019,WR,Dazz,Newsome,North Carolina,2nd
2019,WR,Tamorrion,Terry,Florida State,2nd
2019,WR,Trishton,Jackson,Syracuse,2nd
2019,TE,Noah,Gray,Duke,2nd
2019,AP,Hassan,Hall,Louisville,2nd
2019,OT,Charlie,Heck,North Carolina,2nd
2019,OT,Ben,Petrula,Boston College,2nd
2019,OG,Gage,Cervenka,Clemson,2nd
2019,OG,Zion,Johnson,Boston College,2nd
2019,C,Sean,Pollard,Clemson,2nd
2019,DE,Patrick,Jones II,Pitt,2nd
2019,DE,Victor,Dimukeje,Duke,2nd
2019,DT,Larrell,Murchison,NC State,2nd
2019,DT,Tyler,Davis,Clemson,2nd
2019,LB,Rayshard,Ashby,Virginia Tech,2nd
2019,LB,Max,Richardson,Boston College,2nd
2019,LB,Michael,Pinckney,Miami (FL),2nd
2019,CB,Dane,Jackson,Pitt,2nd
2019,CB ,Derion,Kendrick,Clemson,2nd
2019,S,Hamsah,Nasirildeen,Florida State,2nd
2019,S,Andre,Cisco,Syracuse,2nd
2019,PK,Christopher,Dunn,NC State,2nd
2019,P,Dom,Maggio,Wake Forest,2nd
2019,SP,Damond,Philyaw-Johnson,Duke,2nd
2020,QB,Trevor,Lawrence,Clemson,1st
2020,RB,Travis,Etienne,Clemson,1st
2020,RB,Javian,Hawkins,Louisville,1st
2020,AP,Tutu,Atwell,Louisville,1st
2020,WR,Sage,Surratt,Wake Forest,1st
2020,WR,Tamorrion,Terry,Florida State,1st
2020,WR,Justyn,Ross,Clemson,1st
2020,TE,Brevin,Jordan,Miami,1st
2020,C,Jimmy,Morrissey,Pitt,1st
2020,OL,Jackson,Carman,Clemson,1st
2020,OL,Christian,Darrisaw,Virginia Tech,1st
2020,OL,Ben,Petrula,Boston College,1st
2020,OL,Tyler,Vrabel,Boston College,1st
2020,DL,Gregory,Rousseau,Miami,1st
2020,DL,Carlos,Basham,Wake Forest,1st
2020,DL,Jalen,Twyman,Pitt,1st
2020,DL,Marvin,Wilson,Florida State,1st
2020,LB,Rayshard,Ashby,Virginia Tech,1st
2020,LB,Chazz,Surratt,North Carolina,1st
2020,LB,James,Skalski,Clemson,1st
2020,CB,Caleb,Farley,Virginia Tech,1st
2020,CB,Asante,Samuel,Florida State,1st
2020,S,Paris,Ford,Pitt,1st
2020,S,Hamsah,Nasirildeen,Florida State,1st
2020,K,Nick,Sciba,Wake Forest,1st
2020,P,Oscar,Bradburn,Virginia Tech,1st
2020,KR,Damond,Philyaw-Johnson,Duke,1st
2020,PR,Tayvion,Robinson,Virginia Tech,1st
2020,QB,Sam,Howell,North Carolina,2nd
2020,RB,David,Bailey,Boston College,2nd
2020,RB,Michael,Carter,North Carolina,2nd
2020,AP,Dyami,Brown,North Carolina,2nd
2020,WR,Dazz,Newsome,North Carolina,2nd
2020,WR,Amari,Rodgers,Clemson,2nd
2020,TE,Noah,Gray,Duke,2nd
2020,C,Alec,Lindstrom,Boston College,2nd
2020,OL,Ikem,Ekwonu,NC State,2nd
2020,OL,Jordan,McFadden,Clemson,2nd
2020,OL,Zion,Johnson,Boston College,2nd
2020,OL,Lecitus,Smith,Virginia Tech,2nd
2020,QB,Sam,Howell,North Carolina,2nd
2020,RB,David,Bailey,Boston College,2nd
2020,RB,Michael,Carter,North Carolina,2nd
2020,AP,Dyami,Brown,North Carolina,2nd
2020,WR,Dazz,Newsome,North Carolina,2nd
2020,WR,Amari,Rodgers,Clemson,2nd
2020,TE,Noah,Gray,Duke,2nd
2020,C,Alec,Lindstrom,Boston College,2nd
2020,OL,Ikem,Ekwonu,NC State,2nd
2020,OL,Jordan,McFadden,Clemson,2nd
2020,OL,Zion,Johnson,Boston College,2nd
2020,OL,Lecitus,Smith,Virginia Tech,2nd
2020,K,Andre,Szmyt,Syracuse,2nd
2020,P,Trenton,Gill,NC State,2nd
2020,KR,Hassan,Hall,Louisville,2nd
2020,PR,Thayer,Thomas,NC State,2nd